['Data', 'Descricao', 'Categoria', 'Valor']
['2026-03-01', 'Supermercado', 'Alimentacao', '150.50']
['2026-03-02', 'Uber', 'Transporte', '25.00']
[2026-03-03,Restaurante,Alimentacao,"89.90"]
[2026-03-05,Farmacia,Saude,"45.20"]
[2026-03-07,Posto de Gasolina,Transporte,"120.00"]
[2026-03-10,Cinema,Lazer,"35.00"]
[2026-03-12,Conta de Luz,Moradia,"180.30"]
[2026-03-15,Padaria,Alimentacao,"18.50"]
[2026-03-18,Internet,Moradia,"100.00"]
[2026-03-20,Academia,Saude,"90.00"]
[2026-03-22,Streaming,Lazer,"29.90"]
[2026-03-25,Uber,Transporte,"18.40"]